sales_per_hour,orders,weekday,wday
50539692.327796936,63827,2,Wednesday
89226869.71856308,93135,3,Thursday
90994728.31980085,80250,0,Monday
109586506.93820047,92346,5,Saturday
116556890.48965883,99624,4,Friday
135407330.71946287,100958,6,Sunday
